13qm2ezhWSHWzMsGcxtKDhKNnchfP5Sp3X,btc,ransomware,torrentlocker,,https://www.welivesecurity.com/2014/09/04/torrentlocker-now-targets-uk-royal-mail-phishing/
145SmDToAhtfcBQhNxfeM8hnS6CBeiRukY,btc,ponzi,leancy,,https://arxiv.org/abs/1803.00646
147SwRQdpCfj5p8PnfsXV2SsVVpVcz3aPq,btc,mining,btc.top,canoe,https://github.com/MatteoRomiti/Deep_Dive_BTC_Mining_Pools/blob/master/dataset/miners.json
1FLH1SoLv4U68yUERhDiWzrJn5TggMqkaZ,btc,mining,btc.com,waterhole,https://github.com/MatteoRomiti/Deep_Dive_BTC_Mining_Pools/blob/master/dataset/miners.json
13hQVEstgo4iPQZv9C7VELnLWF7UWtF4Q3,btc,mining,haobtc.com,bixin,https://github.com/MatteoRomiti/Deep_Dive_BTC_Mining_Pools/blob/master/dataset/miners.json
19t7RxwXdfiwQMyQ3JVB16e9HgV7omijSs,btc,mining,picostocks,megabigpower,https://github.com/MatteoRomiti/Deep_Dive_BTC_Mining_Pools/blob/master/dataset/miners.json
14cZMQk89mRYQkDEj8Rn25AnGoBi5H6uer,btc,mining,btcguild.com,wot_Eleuthria,https://github.com/MatteoRomiti/Deep_Dive_BTC_Mining_Pools/blob/master/dataset/miners.json
17gH1u6VJwhVD9cWR59jfeinLMzag2GZ43,btc,mixer,,,https://bitcointalk.org/index.php?topic=754624.0
1GEhfbjbUaCVYBa6Av6zwRqnwkrq9vNozE,btc,onlinewallet,flexcoin,hacked-txin,https://bitcointalk.org/index.php?topic=576337
16Ln8mBGUNXo1mnK4hiZhEhsEaWKbWdcPd,btc,onlinewallet,flexcoin,hacked-txin,https://bitcointalk.org/index.php?topic=576337
1DSD3B3uS2wGZjZAwa2dqQ7M9v7Ajw2iLy,btc,onlinewallet,flexcoin,hacked-txin,https://bitcointalk.org/index.php?topic=576337
15TDob9hdsh2xKomM9H8rWFQWJM26rLF5b,btc,onlinewallet,flexcoin,hacked-txin,https://bitcointalk.org/index.php?topic=576337
1EoZKLt1MbwTCUid2bb9ba86xsMesc8dr8,btc,onlinewallet,flexcoin,hacked-txin,https://bitcointalk.org/index.php?topic=576337
12EEXaA2UZ6RWhB2D1cZhPc4E6fqVoUt5k,btc,onlinewallet,flexcoin,hacked-txin,https://bitcointalk.org/index.php?topic=576337
1JB7J241ngJpWaJwfNeXCpuRV5ESaazNq2,btc,onlinewallet,flexcoin,hacked-txin,https://bitcointalk.org/index.php?topic=576337
17uRHp73WXW977Hebi2uNgxgFcGqWEowdo,btc,onlinewallet,flexcoin,hacked-txin,https://bitcointalk.org/index.php?topic=576337
18QFB7ERMxA7CnBSiwysxxZzN4Ghqaquek,btc,onlinewallet,flexcoin,hacked-txin,https://bitcointalk.org/index.php?topic=576337
15uBPnBFrZvzu9M3uVvRUi4Z1j94TGU41L,btc,onlinewallet,flexcoin,hacked-txin,https://bitcointalk.org/index.php?topic=576337
1CPUfm4NDevVhJp4nJHZbdrrZd12EyYAWU,btc,onlinewallet,flexcoin,hacked-txin,https://bitcointalk.org/index.php?topic=576337
1Ei7CPQHkt3d7AyZF28a4qi9PW119TwHkC,btc,onlinewallet,flexcoin,hacked-txin,https://bitcointalk.org/index.php?topic=576337
1KNn3Z9LSXmnSaCBxLMAyjXRHQ6CxF4HDu,btc,onlinewallet,flexcoin,hacked-txin,https://bitcointalk.org/index.php?topic=576337
19mCNyNuiwxbhTyjBTKRaoqW5e7Av79jGB,btc,onlinewallet,flexcoin,hacked-txin,https://bitcointalk.org/index.php?topic=576337
17EFRwkJU7DptouJ4twNVNoZvu3wQvn5uN,btc,onlinewallet,flexcoin,hacked-txin,https://bitcointalk.org/index.php?topic=576337
1Dbt4sVZLMsztyqTeDAow19NvobSnA3YJ4,btc,onlinewallet,flexcoin,hacked-txin,https://bitcointalk.org/index.php?topic=576337
17Npcz9CUTrVjy1x51oy7vjWJEiUD2dWqk,btc,onlinewallet,flexcoin,hacked-txin,https://bitcointalk.org/index.php?topic=576337
1Bn5dhVnEMuYJpRFXucoSJ4tcbrvb2LPt2,btc,onlinewallet,flexcoin,hacked-txin,https://bitcointalk.org/index.php?topic=576337
1PbMV8H6rxybwvBKYAaz19e4AyWFVj5SrZ,btc,onlinewallet,flexcoin,hacked-txin,https://bitcointalk.org/index.php?topic=576337
1BBd2YazeiddNc35DZX3DvwwkQ4rRHNRhU,btc,onlinewallet,flexcoin,hacked-txin,https://bitcointalk.org/index.php?topic=576337
16tQGxCxQNw79AEn5dsb8QNmohseEhRE3Q,btc,onlinewallet,flexcoin,hacked-txin,https://bitcointalk.org/index.php?topic=576337
1JhZyxZHZS9ViGLv8aAHsZcjA9bmbDWXxM,btc,onlinewallet,flexcoin,hacked-txin,https://bitcointalk.org/index.php?topic=576337
19Zz2pC8HeDq5o9zubg9Lq9Xj6W5L3va1C,btc,onlinewallet,flexcoin,hacked-txin,https://bitcointalk.org/index.php?topic=576337
1HWTZrmiK67An9yTVx9Xvq1FEbM8UjYxF7,btc,onlinewallet,flexcoin,hacked-txin,https://bitcointalk.org/index.php?topic=576337
1M7K8HDri2mS1zaM5A2JXfZBRDyGSY8h1Z,btc,onlinewallet,flexcoin,hacked-txin,https://bitcointalk.org/index.php?topic=576337
1A8HCB6bPHXnJxGR6pFYc83vgyMmFD9Vnj,btc,onlinewallet,flexcoin,hacked-txin,https://bitcointalk.org/index.php?topic=576337
1KEHEBtoczmboK1wwMfyfETdj4kaKEbHPh,btc,onlinewallet,flexcoin,hacked-txin,https://bitcointalk.org/index.php?topic=576337
18y3kny7JjrrstVozVGG6rFb5ZZ2ht7PXu,btc,onlinewallet,flexcoin,hacked-txin,https://bitcointalk.org/index.php?topic=576337
16gKkXPMkSBTxqaFmwFzB2FnquV6RQnDVF,btc,onlinewallet,flexcoin,hacked-txin,https://bitcointalk.org/index.php?topic=576337
1AXxRoMHrEbbk43dciTmuTiouprHtRTATi,btc,onlinewallet,flexcoin,hacked-changeaddr,https://bitcointalk.org/index.php?topic=576337
1qWxCe9sj17XCadDDXt8VvhfwREFoobCk,btc,onlinewallet,flexcoin,hacked-changeaddr,https://bitcointalk.org/index.php?topic=576337
1DssS2srnAra8ghUpgEHsEARswej4SMgd3,btc,onlinewallet,flexcoin,hacked-changeaddr,https://bitcointalk.org/index.php?topic=576337
16f49J8g94yMFW2ejDcxfW2iM8FF6FFnnV,btc,onlinewallet,flexcoin,hacked-changeaddr,https://bitcointalk.org/index.php?topic=576337
1NDkevapt4SWYFEmquCDBSf7DLMTNVggdu,btc,theft,flexcoin-hack,hacked-txout,https://bitcointalk.org/index.php?topic=576337
1QFcC5JitGwpFKqRDd9QNH3eGN56dCNgy6,btc,theft,flexcoin-hack,hacked-txout,https://bitcointalk.org/index.php?topic=576337
15WEuUbg9zUmNMjQ6p8KJowowVCByegoHG,btc,theft,flexcoin-hack,hacked-txout,https://bitcointalk.org/index.php?topic=576337
17fabmvK6mNNbstG1sAz5BuTTwm89puWru,btc,theft,flexcoin-hack,hacked-txout,https://bitcointalk.org/index.php?topic=576337
1HbEfchoAtf1w4u6tt35NtBnrgNV83fjk5,btc,theft,flexcoin-hack,hacked-txout,https://bitcointalk.org/index.php?topic=576337
1Mz7153HMuxXTuR2R1t78mGSdzaAtNbBWX,btc,ransomware,petya,ransomnote,https://isc.sans.edu/forums/diary/Checking+out+the+new+Petya+variant/22562/
1Ni8z1MbaF4ri8GGE67BWtLu66YnXj2BuW,btc,exchange,bter.com,hacked-changeaddr,https://www.coindesk.com/bter-bitcoin-stolen-cold-wallet-hack
18ywz63JuUjsQ9kWyKs48dnRd2w1Hix7FY,btc,theft,bter-hack,hacked-txin,https://www.coindesk.com/bter-bitcoin-stolen-cold-wallet-hack
35hK24tcLEWcgNA4JxpvbkNkoAcDGqQPsP,btc,exchange,huobi,cold,https://bitinfocharts.com/bitcoin/wallet/Huobi-coldwallet
1CpVAEg4BgVzjiHshgeZfitZLV1t1zo6Qg,btc,ponzi,investorbitcoin.com,service-minerscenter.com,https://arxiv.org/abs/1803.00646
1F1tAaz5x1HUXrCNLbtMDqcw6o5GNn4xqX,btc,usgov,fbi,silkroadseizure,https://techcrunch.com/2013/10/07/as-feds-fumble-with-bitcoin-the-internet-trolls-the-fbis-private-wallet/
19CrVPsyhvTM431kN5A3xJ5f6ux5gphgF9,btc,exchange,minerscenter.com,,https://www.walletexplorer.com/wallet/MinersCenter.com/addresses
17262J1AXJpnVi13PMJXKSfSKztwz8RbV,btc,exchange,cryptonator,,https://www.walletexplorer.com/wallet/Cryptonator.com?from_address=17262J1AXJpnVi13PMJXKSfSKztwz8RbV
1EEqRvnS7XqMoXDcaGL7bLS3hzZi1qUZm1,btc,exchange,hitbtc,,https://whale-alert.io/transaction/bitcoin/aee1256950b0ef8db1b43180c90bce716381b7d06d28f1e46af4067fef7ef01d
36fnEw56DauvD19et2DMACaJeuD4rBXSbi,btc,exchange,hitbtc,,https://vivigle.com/BitWallet/wallet?address=36fnEw56DauvD19et2DMACaJeuD4rBXSbi
1KPGDc6oHpvWoUSyssxqmRgwtUqsyyey2y,btc,gambling,betco.in,hacked-changeaddr,https://bitcointalk.org/index.php?topic=576337
1HVi6re6zDr5c5v9Sk2mmL9u7svEHfiBt4,btc,gambling,betco.in,hacked-changeaddr,https://bitcointalk.org/index.php?topic=576337
15FmQAdPrGkm2ouoUXu56zeoRVVpk4W6zY,btc,exchange,yobit.net,,https://vivigle.com/BitWallet/wallet?address=15FmQAdPrGkm2ouoUXu56zeoRVVpk4W6zY
3PjVn6PBEP9XHqQR82mfUyMjhWxiKMVjFK,btc,exchange,cex.io,,https://clankapp.com/tx/btc/c2f8b685c01ce0507e43cbe393dde87d79e51e5ea9e4050fe8658897f4d4187d?uuid=NjQ3NTgzNTY2ODk1Mjgw
32n3AfVM36ugBczzdtwkxC6Rai1so3ajf9,btc,clipper,,,https://www.bitcoinabuse.com/reports/32n3AfVM36ugBczzdtwkxC6Rai1so3ajf9
1Ma1WArEsGDkvnLHJQiAKkpARZYwC4tMqg,btc,donation,malwaretech,,https://www.malwaretech.com/
1C1EpSwTtWYL3wGSzFozn8UKYDz86nNoVD,btc,exchange,coincola,p2p-otc-escrow,https://explorer.crystalblockchain.com/address/1C1EpSwTtWYL3wGSzFozn8UKYDz86nNoVD
3CcF942kYVRotGrfYQxD4QNn4aKVywpRxb,btc,exchange,kuna.io,,https://explorer.crystalblockchain.com/address/3CcF942kYVRotGrfYQxD4QNn4aKVywpRxb
bc1q0vp48j7lzqkeu65hfy43tmltqt2uqgwfgleetw,btc,exchange,kucoin,,https://explorer.crystalblockchain.com/address/bc1q0vp48j7lzqkeu65hfy43tmltqt2uqgwfgleetw
13KBb1G7pkqcJcxpRHg387roBj2NX7Ufyf,btc,ransomware,medocis,,https://www.bleepingcomputer.com/news/security/ransomware-attacks-continue-in-ukraine-with-mysterious-wannacry-clone/
13UPaXjNhgTZ93MZqnr3roMNM8mCwLHDcK,btc,ransomware,dmalocker,v3,https://ransomwhe.re/
17C41iFaMBrUPyZZvexainuVuZi3cM15Vj,btc,ransomware,dmalocker,v3,https://ransomwhe.re/
1Ba6gcNWhAxaUrw8KExZUR7sm1XDdJUn2a,btc,ransomware,dmalocker,v3,https://ransomwhe.re/
1DtyvLb1pDzXVoaVnJLAFzBJN6b4gcJSdR,btc,ransomware,dmalocker,v3,https://ransomwhe.re/
1E34BRTrVrWoENaqV8kxiRYzjjc7xsTFzE,btc,ransomware,dmalocker,v3,https://ransomwhe.re/
1G7fTH4E1brom3ojU4JjUvKintWY8hezri,btc,ransomware,dmalocker,v3,https://ransomwhe.re/
1HN1r24sZ79yTS6pAczzyCssCtL8UsaqL6,btc,ransomware,dmalocker,v3,https://ransomwhe.re/
1LvjTxjFnjomvvMK8CGx1qZ1zpLJFUFRmq,btc,ransomware,dmalocker,v3,https://ransomwhe.re/
1KZ1zZ1gQxHi5jrmXUkXiVXhgrqWdVRDqs,btc,ransomware,dmalocker,v3,https://ransomwhe.re/
18UbYDCEpyhWwXgkYrJtxRyL1A4R7Cv7G4,btc,ransomware,globe,v3,https://ransomwhe.re/
18prjukrWtNRdKXtZLwL7bUgk6J5kkVWMH,btc,ransomware,globe,v3,https://ransomwhe.re/
1DMBSsLZr7hh3LQhzFjX15xPzSz4aXa5ZT,btc,ransomware,globe,v3,https://ransomwhe.re/
1DWNbQW5HvXde4tU4ZdFQmc8Gp7paMpvNu,btc,ransomware,globe,v3,https://ransomwhe.re/
1EQiMGLApzDdPYLWoDMyUo27q5ashMXdQ,btc,ransomware,globe,v3,https://ransomwhe.re/
17KAXqEFAictNnzWVPfQ4oGZGdJ8s1TwET,btc,ransomware,globe,v3,https://ransomwhe.re/
18XXV3h9zzzJ1R4v6DiGmfgcooG1Vk9B1m,btc,ransomware,globe,v3,https://ransomwhe.re/
19oLXZPUirBimZQ3jLviDMRzF9NAZDjG8K,btc,ransomware,globe,v2,https://ransomwhe.re/
1KCGP2CLEhBxxfHtNE4dE4SZduxmjRuUR7,btc,ransomware,globe,v2,https://ransomwhe.re/
1G6tQeWrwp6TU1qunLjdNmLTPQu7PnsMYd,btc,ransomware,ranscam,cryptowall,http://blog.talosintel.com/2016/07/ranscam.html
1L2utMwJjCCYr8FHzVpvvvatLP2SHEGjry,btc,ransomware,xlocker,v5,https://ransomwhe.re/
1KTt5AUL58hYmkAR5zkuUR6vu5KKDi3QBx,btc,ransomware,xlocker,v5,https://ransomwhe.re/
1QAc9S5EmycqjzzWDc1yiWzr9jJLC8sLiY,btc,ransomware,wannacry,v1,https://www.neutrino.nu/Research_WannaShift_to_Monero.html
15zGqZCTcys6eCjDkE3DypCjXi6QWRV6V1,btc,ransomware,wannacry,v1,https://www.neutrino.nu/Research_WannaShift_to_Monero.html
115p7UMMngoj1pMvkpHijcRdfJNXj6LrLn,btc,ransomware,wannacry,v2,https://www.neutrino.nu/Research_WannaShift_to_Monero.html
12t9YDPgwueZ9NyMgw519p7AA8isjr6SMw,btc,ransomware,wannacry,v2,https://www.neutrino.nu/Research_WannaShift_to_Monero.html
13AM4VW2dhxYgXeQepoHkHSQuy6NgaEb94,btc,ransomware,wannacry,v2,https://www.neutrino.nu/Research_WannaShift_to_Monero.html
1AgUNMjEwz4zoUaYsx3J77NcP2usGEiZkM,btc,ransomware,wannacry,intermediary,https://www.neutrino.nu/Research_WannaShift_to_Monero.html
18bzpjFfo5JQ41GzzUNRMgcE7WwQwpqFrR,btc,clipper,phorpiex,twizt_tldr,https://research.checkpoint.com/2021/phorpiex-botnet-is-back-with-a-new-twizt-hijacking-hundreds-of-crypto-transactions
1MaN4Me35n1kM6h7JVPNUQYqYgjasEQLzs,btc,clipper,phorpiex,twizt_tldr,https://research.checkpoint.com/2021/phorpiex-botnet-is-back-with-a-new-twizt-hijacking-hundreds-of-crypto-transactions
1BdhCwNFzNbWoJvxrok6V7z2af7xjJLS58,btc,clipper,phorpiex,twizt_tldr,https://research.checkpoint.com/2021/phorpiex-botnet-is-back-with-a-new-twizt-hijacking-hundreds-of-crypto-transactions
1CUhtfNjsGMZziCVzZ4oVan9NCGriY4NDZ,btc,clipper,phorpiex,twizt_tldr,https://research.checkpoint.com/2021/phorpiex-botnet-is-back-with-a-new-twizt-hijacking-hundreds-of-crypto-transactions
1DYwJZfyGy5DXaqXpgzuj8shRefxQ7jCEw,btc,clipper,phorpiex,twizt_tldr,https://research.checkpoint.com/2021/phorpiex-botnet-is-back-with-a-new-twizt-hijacking-hundreds-of-crypto-transactions
1EN3bbs8UdVWA3i3ixtB9jQWvPnP9us4va,btc,clipper,phorpiex,twizt_tldr,https://research.checkpoint.com/2021/phorpiex-botnet-is-back-with-a-new-twizt-hijacking-hundreds-of-crypto-transactions
18qKrmaUXaEgbYEn6yMkGKNcqkYB3mSxNv,btc,clipper,phorpiex,twizt_trik,https://research.checkpoint.com/2021/phorpiex-botnet-is-back-with-a-new-twizt-hijacking-hundreds-of-crypto-transactions
1HewcqbrkXY5iqrDqjb4j4AHiaDeobpE6P,btc,clipper,phorpiex,twizt_trik,https://research.checkpoint.com/2021/phorpiex-botnet-is-back-with-a-new-twizt-hijacking-hundreds-of-crypto-transactions
1JWWZFUVAWvFNS2D5qwQQo4oSsseoD9kAn,btc,clipper,phorpiex,twizt_trik,https://research.checkpoint.com/2021/phorpiex-botnet-is-back-with-a-new-twizt-hijacking-hundreds-of-crypto-transactions
1KXZqR1fjAxcv1gvdmPfN2WsWsDwM7r2R2,btc,clipper,phorpiex,twizt_trik,https://research.checkpoint.com/2021/phorpiex-botnet-is-back-with-a-new-twizt-hijacking-hundreds-of-crypto-transactions
1Kzhh4nqyjB3MAoQ5uH2Bcdz3qXWpnsMzd,btc,clipper,phorpiex,twizt_trik,https://research.checkpoint.com/2021/phorpiex-botnet-is-back-with-a-new-twizt-hijacking-hundreds-of-crypto-transactions
1LaVtKqJatoeAHkHEgp9UF2fJEarEdZPr9,btc,clipper,phorpiex,twizt_trik,https://research.checkpoint.com/2021/phorpiex-botnet-is-back-with-a-new-twizt-hijacking-hundreds-of-crypto-transactions
1of6uEzx5qfStF1HrVXaZ1eE3X4ntnbsx,btc,clipper,phorpiex,twizt_trik,https://research.checkpoint.com/2021/phorpiex-botnet-is-back-with-a-new-twizt-hijacking-hundreds-of-crypto-transactions
13cQ2H6oszrEnvw1ZGdsPix9gUayB8tzNa,btc,clipper,phorpiex,twizt_tldr,https://research.checkpoint.com/2021/phorpiex-botnet-is-back-with-a-new-twizt-hijacking-hundreds-of-crypto-transactions
14GJm9M5zaX6Zyojt5yxNZcdoouJ4WPAgT,btc,clipper,phorpiex,twizt_tldr,https://research.checkpoint.com/2021/phorpiex-botnet-is-back-with-a-new-twizt-hijacking-hundreds-of-crypto-transactions
19B5G1ftgXRrD6GiTzThL9BiySVdf1HJZy,btc,clipper,phorpiex,twizt_tldr,https://research.checkpoint.com/2021/phorpiex-botnet-is-back-with-a-new-twizt-hijacking-hundreds-of-crypto-transactions
19mduWVW9QphW5W2caWF84wcGVSmASRYpf,btc,clipper,phorpiex,twizt_tldr,https://research.checkpoint.com/2021/phorpiex-botnet-is-back-with-a-new-twizt-hijacking-hundreds-of-crypto-transactions
1Bn4JYKoVgQpZ73doWVFSNZBbwKj3cpJNR,btc,clipper,phorpiex,twizt_tldr,https://research.checkpoint.com/2021/phorpiex-botnet-is-back-with-a-new-twizt-hijacking-hundreds-of-crypto-transactions
1C2SvtsUu8YZVUBbha4KiBGYRW5dwtrRvd,btc,clipper,phorpiex,twizt_tldr,https://research.checkpoint.com/2021/phorpiex-botnet-is-back-with-a-new-twizt-hijacking-hundreds-of-crypto-transactions
1Gx8oRKKczwdB32yiLzVx5hsjAze6g5HHw,btc,clipper,phorpiex,twizt_tldr,https://research.checkpoint.com/2021/phorpiex-botnet-is-back-with-a-new-twizt-hijacking-hundreds-of-crypto-transactions
1L6sJ7pmk6EGMUoTmpdbLez9dXACcirRHh,btc,clipper,phorpiex,twizt_tldr,https://research.checkpoint.com/2021/phorpiex-botnet-is-back-with-a-new-twizt-hijacking-hundreds-of-crypto-transactions
1LdFFaJiM7R5f9WhUEskVCaVokVtHPHxL5,btc,clipper,phorpiex,twizt_tldr,https://research.checkpoint.com/2021/phorpiex-botnet-is-back-with-a-new-twizt-hijacking-hundreds-of-crypto-transactions
1HB3KtKoguFuZ4BdmCv9Fc4tYTwDQgmqmW,btc,sextortion,saveyourself,phorpiex-distributed,https://research.checkpoint.com/2019/in-the-footsteps-of-a-sextortion-campaign
3EFYP3eiRcnjJAraEYxfVuKsUqcEmTGFot,btc,clipper,phorpiex,twizt,https://research.checkpoint.com/2021/phorpiex-botnet-is-back-with-a-new-twizt-hijacking-hundreds-of-crypto-transactions
3GQcTPzm8jHspJhSHeHUUgwV9rbXonakr9,btc,exchange,freewallet,onlinewallet,https://explorer.crystalblockchain.com/address/3GQcTPzm8jHspJhSHeHUUgwV9rbXonakr9
14ChPPM8rPYJeHnw6kMVUDnNNKx1KnjYW4,btc,gambling,satoshidice,hot-wallet,https://web.archive.org/web/20190225172842/https://www.blockchain.com/btc/popular-addresses
12QtD5BFwRsdNsAZY76UVE1xyCGNTojH9h,btc,drugtrafficking,xiaobing-yan,ofac,https://home.treasury.gov/policy-issues/financial-sanctions/recent-actions/20190821
13f59kUM5FU8MfTG7DCEugYarDhSD7XCoC,btc,drugtrafficking,xiaobing-yan,ofac,https://home.treasury.gov/policy-issues/financial-sanctions/recent-actions/20190821
1P3ZfGFLezzYGg9k5SVzQmnjyh7nrUmF2y,btc,drugtrafficking,xiaobing-yan,ofac,https://home.treasury.gov/policy-issues/financial-sanctions/recent-actions/20190821
1Kuf2Rd8mDyAViwBozGTNYnvWL8uYFrkVo,btc,drugtrafficking,xiaobing-yan,ofac,https://home.treasury.gov/policy-issues/financial-sanctions/recent-actions/20190821
1JREJdZupiFhE7ZzQPtASuMCvvpXC7wRsC,btc,drugtrafficking,xiaobing-yan,ofac,https://home.treasury.gov/policy-issues/financial-sanctions/recent-actions/20190821
1EpMiZkQVekM5ij12nMiEwttFPcDK9XhX6,btc,drugtrafficking,xiaobing-yan,ofac,https://home.treasury.gov/policy-issues/financial-sanctions/recent-actions/20190821
17W4PZ2PS3KksDy5T6yE7FaJsgjmnYMXuP,btc,exchange,urdubit.com,cold-wallet,https://www.walletexplorer.com/address/17W4PZ2PS3KksDy5T6yE7FaJsgjmnYMXuP
#1E6qZkzbGZHh9hWF4dQcTUdbmsYkvBYPrR,btc,sextortion,mrpr0gr4mmer,mr-robot,https://www.onlinethreatalerts.com/article/2020/4/9/bitcoin-porn-scam-and-sextortion/
#1QDNWjJdBnNp8JNuQFhRWeQXL3fDb84cVS,btc,clipper,mrpr0gr4mmer,clipper_and_scam,https://ru.tgchannels.org/channel/MrPr0gr4mmer
1HrEqMHQVWhKuCg7a3rxo2tAFAiKquJ5iP,btc,ransomware,cryptolocker,localbitcoins-onlinewallet,https://bitcoinwhoswho.com/blog/2017/05/14/bitcoin-ransomware-addresses/
1Lv9ofuunrmtQeGPMJCj4iwJbr6wGbossn,btc,exchange,localbitcoins,,https://explorer.crystalblockchain.com/address/1Lv9ofuunrmtQeGPMJCj4iwJbr6wGbossn
1KAGE12gtYVfizicQSDQmnPHYfA29bu8Da,btc,scam,elon-musk-scam,elon-musk-10x-scam_musk.plus_spacex.plus_musk.fund,https://www.bleepingcomputer.com/news/security/fake-elon-musk-twitter-bitcoin-scam-earned-180k-in-one-day/
#182NGZbPJXwg2WDrhrPpR7tpiGQkNPF844,btc,state-sponsored,apt29,us-gov-sanctioned,https://www.bleepingcomputer.com/news/security/us-sanctions-cryptocurrency-addresses-linked-to-russian-cyberactivities
#19D8PHBjZH29uS1uPZ4m3sVyqqfF8UFG9o,btc,state-sponsored,apt29,us-gov-sanctioned,https://www.bleepingcomputer.com/news/security/us-sanctions-cryptocurrency-addresses-linked-to-russian-cyberactivities
#1DtGgdCi9VPKz2Bpq8GQhUQEPnQ5HwaT9n,btc,state-sponsored,apt29,us-gov-sanctioned,https://www.bleepingcomputer.com/news/security/us-sanctions-cryptocurrency-addresses-linked-to-russian-cyberactivities
#1EYitrwBYNWuTBcjZFbEUdqHppe2raLpaF,btc,state-sponsored,apt29,us-gov-sanctioned,https://www.bleepingcomputer.com/news/security/us-sanctions-cryptocurrency-addresses-linked-to-russian-cyberactivities
#1G9CKRHA3mx22DoT1QyNYrh85VSQ19Y1em,btc,state-sponsored,apt29,us-gov-sanctioned,https://www.bleepingcomputer.com/news/security/us-sanctions-cryptocurrency-addresses-linked-to-russian-cyberactivities
#1NE2NiGhhbkFPSEyNWwj7hKGhGDedBtSrQ,btc,state-sponsored,apt29,us-gov-sanctioned,https://www.bleepingcomputer.com/news/security/us-sanctions-cryptocurrency-addresses-linked-to-russian-cyberactivities
1J25YSaUJQT9AdEJ9rmSrKRZhCpc6Wkr7e,btc,scam,btcdaily.info,doublebitcoin.ga,https://cryptoscamdb.org/
1VayNert3x1KzbpzMGt2qdqrAThiRovi8,btc,mining,deepbit,miner,https://www.walletexplorer.com/address/1VayNert3x1KzbpzMGt2qdqrAThiRovi8
3QyUSB4eRYePHcvpS6k6YDMBUDGXRSSMPc,btc,exchange,bitcoinbon.at,exchange,https://www.interpol.int
19iVyH1qUxgywY8LJSbpV4VavjZmyuEyxV,btc,exchange,huobi,,https://explorer.crystalblockchain.com/address/19iVyH1qUxgywY8LJSbpV4VavjZmyuEyxV
134r8iHv69xdT6p5qVKTsHrcUEuBVZAYak,btc,state-sponsored,lazarus,yinyin-tian,https://www.treasury.gov/resource-center/sanctions/OFAC-Enforcement/Pages/20200302.aspx
15YK647qtoZQDzNrvY6HJL6QwXduLHfT28,btc,state-sponsored,lazarus,yinyin-tian,https://www.treasury.gov/resource-center/sanctions/OFAC-Enforcement/Pages/20200302.aspx
1PfwHNxUnkpfkK9MKjMqzR3Xq3KCtq9u17,btc,state-sponsored,lazarus,yinyin-tian,https://www.treasury.gov/resource-center/sanctions/OFAC-Enforcement/Pages/20200302.aspx
14kqryJUxM3a7aEi117KX9hoLUw592WsMR,btc,state-sponsored,lazarus,yinyin-tian,https://www.treasury.gov/resource-center/sanctions/OFAC-Enforcement/Pages/20200302.aspx
1F2Gdug9ib9NQMhKMGGJczzMk5SuENoqrp,btc,state-sponsored,lazarus,yinyin-tian,https://www.treasury.gov/resource-center/sanctions/OFAC-Enforcement/Pages/20200302.aspx
1EfMVkxQQuZfBdocpJu6RUsCJvenQWbQyE,btc,state-sponsored,lazarus,yinyin-tian,https://www.treasury.gov/resource-center/sanctions/OFAC-Enforcement/Pages/20200302.aspx
3F2sZ4jbhvDKQdGbHYPC6ZxFXEau2m5Lqj,btc,state-sponsored,lazarus,yinyin-tian,https://www.treasury.gov/resource-center/sanctions/OFAC-Enforcement/Pages/20200302.aspx
1AXUTu9y3H8w4wYx4BjyFWgRhZKDhmcMrn,btc,state-sponsored,lazarus,yinyin-tian,https://www.treasury.gov/resource-center/sanctions/OFAC-Enforcement/Pages/20200302.aspx
1Hn9ErTCPRP6j5UDBeuXPGuq5RtRjFJxJQ,btc,state-sponsored,lazarus,yinyin-tian,https://www.treasury.gov/resource-center/sanctions/OFAC-Enforcement/Pages/20200302.aspx
17UVSMegvrzfobKC82dHXpZLtLcqzW9stF,btc,state-sponsored,lazarus,jiadong-li,https://www.treasury.gov/resource-center/sanctions/OFAC-Enforcement/Pages/20200302.aspx
39eboeqYNFe2VoLC3mUGx4dh6GNhLB3D2q,btc,state-sponsored,lazarus,jiadong-li,https://www.treasury.gov/resource-center/sanctions/OFAC-Enforcement/Pages/20200302.aspx
39fhoB2DohisGBbHvvfmkdPdShT75CNHdX,btc,state-sponsored,lazarus,jiadong-li,https://www.treasury.gov/resource-center/sanctions/OFAC-Enforcement/Pages/20200302.aspx
3E6rY4dSCDW6y2bzJNwrjvTtdmMQjB6yeh,btc,state-sponsored,lazarus,jiadong-li,https://www.treasury.gov/resource-center/sanctions/OFAC-Enforcement/Pages/20200302.aspx
3EeR8FbcPbkcGj77D6ttneJxmsr3Nu7KGV,btc,state-sponsored,lazarus,jiadong-li,https://www.treasury.gov/resource-center/sanctions/OFAC-Enforcement/Pages/20200302.aspx
3HQRveQzPifZorZLDXHernc5zjoZax8U9f,btc,state-sponsored,lazarus,jiadong-li,https://www.treasury.gov/resource-center/sanctions/OFAC-Enforcement/Pages/20200302.aspx
3JXKQ81JzBqVbB8VHdV9Jtd7auWokkdPgY,btc,state-sponsored,lazarus,jiadong-li,https://www.treasury.gov/resource-center/sanctions/OFAC-Enforcement/Pages/20200302.aspx
3KHfXU24Bt3YD5Ef4J7uNp2buCuhrxfGen,btc,state-sponsored,lazarus,jiadong-li,https://www.treasury.gov/resource-center/sanctions/OFAC-Enforcement/Pages/20200302.aspx
3LbDu1rUXHNyiz4i8eb3KwkSSBMf7C583D,btc,state-sponsored,lazarus,jiadong-li,https://www.treasury.gov/resource-center/sanctions/OFAC-Enforcement/Pages/20200302.aspx
3MN8nYo1tt5hLxMwMbxDkXWd7Xu522hb9P,btc,state-sponsored,lazarus,jiadong-li,https://www.treasury.gov/resource-center/sanctions/OFAC-Enforcement/Pages/20200302.aspx
3N6WeZ6i34taX8Ditser6LKWBcXmt2XXL4,btc,state-sponsored,lazarus,jiadong-li,https://www.treasury.gov/resource-center/sanctions/OFAC-Enforcement/Pages/20200302.aspx
19YVKCETP8yHX2m2VbEByVgWgJUAZd5tnS,btc,state-sponsored,lazarus,huobi-onlinewallet,http://assetforfeiturelaw.us/wp-content/uploads/2020/08/113-Virtual-Currency-Accounts-Affidavit.pdf
1K1fa3ydmpWMuX8gWHk5W6gnVFX7nGQJsu,btc,state-sponsored,lazarus,kucoin-onlinewallet,http://assetforfeiturelaw.us/wp-content/uploads/2020/08/113-Virtual-Currency-Accounts-Affidavit.pdf
1FKMe2Nyue2SDufB4RciiXsEEpAxtuBxD3,btc,state-sponsored,lazarus,bittrex-onlinewallet,http://assetforfeiturelaw.us/wp-content/uploads/2020/08/113-Virtual-Currency-Accounts-Affidavit.pdf
17KS1C6DxViF68YaSAhWUrnaCtxzbMq7CB,btc,state-sponsored,lazarus,yobit.net-onlinewallet,http://assetforfeiturelaw.us/wp-content/uploads/2020/08/113-Virtual-Currency-Accounts-Affidavit.pdf
1MP62xKDtbL79wQ8f8LbAg9dPpUHFTEVbJ,btc,state-sponsored,lazarus,yobit.net-onlinewallet,http://assetforfeiturelaw.us/wp-content/uploads/2020/08/113-Virtual-Currency-Accounts-Affidavit.pdf
1GsAS3z7eG4Vw2QbyVqnR7cRQmpeRsCpt1,btc,state-sponsored,lazarus,yobit.net-onlinewallet,http://assetforfeiturelaw.us/wp-content/uploads/2020/08/113-Virtual-Currency-Accounts-Affidavit.pdf
1K7cMd9RgwhThXi6VDu3Roti2W4241MLfG,btc,state-sponsored,lazarus,yobit.net-onlinewallet,http://assetforfeiturelaw.us/wp-content/uploads/2020/08/113-Virtual-Currency-Accounts-Affidavit.pdf
1FhsTJ7hQKvpFXPRFFjsFPHQT4pQMQpgw1,btc,state-sponsored,lazarus,yobit.net-onlinewallet,http://assetforfeiturelaw.us/wp-content/uploads/2020/08/113-Virtual-Currency-Accounts-Affidavit.pdf
1FzKR8XDmdrTRYfMcZRf3NPvSgyrUoG8kq,btc,state-sponsored,lazarus,yobit.net-onlinewallet,http://assetforfeiturelaw.us/wp-content/uploads/2020/08/113-Virtual-Currency-Accounts-Affidavit.pdf
1AsHQhhCYwgd71cxnHA9a8dWeEh22ivdqn,btc,state-sponsored,lazarus,yobit.net-onlinewallet,http://assetforfeiturelaw.us/wp-content/uploads/2020/08/113-Virtual-Currency-Accounts-Affidavit.pdf
1DZdJNQsEutzud3YX28DFXfzKVyEfoN8t2,btc,state-sponsored,lazarus,yobit.net-onlinewallet,http://assetforfeiturelaw.us/wp-content/uploads/2020/08/113-Virtual-Currency-Accounts-Affidavit.pdf
1K83LzD1QR2iUVtHckFMUzzdF3xUhtNdYb,btc,state-sponsored,lazarus,yobit.net-onlinewallet,http://assetforfeiturelaw.us/wp-content/uploads/2020/08/113-Virtual-Currency-Accounts-Affidavit.pdf
1DX3zJV4djK9CgCP48Ym3LEryq5RVdhWH8,btc,state-sponsored,lazarus,yobit.net-onlinewallet,http://assetforfeiturelaw.us/wp-content/uploads/2020/08/113-Virtual-Currency-Accounts-Affidavit.pdf
1EFNjtGnJ7WohXd8L17NGA4N5osKRj98QN,btc,state-sponsored,lazarus,yobit.net-onlinewallet,http://assetforfeiturelaw.us/wp-content/uploads/2020/08/113-Virtual-Currency-Accounts-Affidavit.pdf
1EU4tNd1RbhDCfkiQrtj6nfzxeRxRA9rBm,btc,state-sponsored,lazarus,yobit.net-onlinewallet,http://assetforfeiturelaw.us/wp-content/uploads/2020/08/113-Virtual-Currency-Accounts-Affidavit.pdf
17Wx3A1tmiTnxJ9FAq7em1n6SxtXSG4r5F,btc,state-sponsored,lazarus,yobit.net-onlinewallet,http://assetforfeiturelaw.us/wp-content/uploads/2020/08/113-Virtual-Currency-Accounts-Affidavit.pdf
1QBbEUUhG7CRJzJrSEnUvwrycYZzKB8YEq,btc,state-sponsored,lazarus,yobit.net-onlinewallet,http://assetforfeiturelaw.us/wp-content/uploads/2020/08/113-Virtual-Currency-Accounts-Affidavit.pdf
13582daSueZgFoxyUdXLkUZLazoPkoonYj,btc,state-sponsored,lazarus,yobit.net-onlinewallet,http://assetforfeiturelaw.us/wp-content/uploads/2020/08/113-Virtual-Currency-Accounts-Affidavit.pdf
198i5jrY1B4xGnQwbiDVuQzcq17thzaH1s,btc,mining,50btc,miner,https://github.com/MatteoRomiti/Deep_Dive_BTC_Mining_Pools/blob/master/dataset/miners.json
#123WBUDmSJv4GctdVEz6Qq6z8nXSKrJ4KX,btc,tormarket,hydra-market,market,https://home.treasury.gov/policy-issues/financial-sanctions/recent-actions/20220405
#12VrYZgS1nmf9KHHped24xBb1aLLRpV2cT,btc,tormarket,hydra-market,market,https://home.treasury.gov/policy-issues/financial-sanctions/recent-actions/20220405
#13LQJQ1oJ9K7PsqsGfjNhoVv6UeU6hgzQz,btc,tormarket,hydra-market,market,https://home.treasury.gov/policy-issues/financial-sanctions/recent-actions/20220405
#13hfsQm6oCaDZehfYBSMFiJVAi1jsL6sQd,btc,tormarket,hydra-market,market,https://home.treasury.gov/policy-issues/financial-sanctions/recent-actions/20220405
#148LKmyZT3FGE4x1GjsFN6RsAwcjzk5iuE,btc,tormarket,hydra-market,market,https://home.treasury.gov/policy-issues/financial-sanctions/recent-actions/20220405
#14gM1HuLVDELNHaFU22qpabjtiWek4HhV1,btc,tormarket,hydra-market,market,https://home.treasury.gov/policy-issues/financial-sanctions/recent-actions/20220405
#16EKTes8ahD8xvwisqjc2xSNLiG3fDHatW,btc,tormarket,hydra-market,market,https://home.treasury.gov/policy-issues/financial-sanctions/recent-actions/20220405
#16SPDQFFzgsoNSPiFFTfS8Dw8LLXqia4oc,btc,tormarket,hydra-market,market,https://home.treasury.gov/policy-issues/financial-sanctions/recent-actions/20220405
#16ZSAEfYpPCj3D94fsNt2okYj9Ue8mxy6T,btc,tormarket,hydra-market,market,https://home.treasury.gov/policy-issues/financial-sanctions/recent-actions/20220405
#16p2UWTZwXRyK5bTHNVjdDyy1D3EQGsZf2,btc,tormarket,hydra-market,market,https://home.treasury.gov/policy-issues/financial-sanctions/recent-actions/20220405
#175BUqf8JCU1uoG1iTRKTacDa4uvJDUCw2,btc,tormarket,hydra-market,market,https://home.treasury.gov/policy-issues/financial-sanctions/recent-actions/20220405
#17V7THwHMiDJmDwZK4unhE5HgKFJKx7VCe,btc,tormarket,hydra-market,market,https://home.treasury.gov/policy-issues/financial-sanctions/recent-actions/20220405
#17mhyeBX617ABZ1ffThhUTJkHUcMvCkfd5,btc,tormarket,hydra-market,market,https://home.treasury.gov/policy-issues/financial-sanctions/recent-actions/20220405
#19FQzHibWDhSP8pKmJS3uagFYoisXtehzw,btc,tormarket,hydra-market,market,https://home.treasury.gov/policy-issues/financial-sanctions/recent-actions/20220405
#19pPbUDvoSBZafkUCYkD2Z9AkuqqV6sWm7,btc,tormarket,hydra-market,market,https://home.treasury.gov/policy-issues/financial-sanctions/recent-actions/20220405
#1A3iYY4c3dkgNYGewzYzr7EsqfBuWXibGo,btc,tormarket,hydra-market,market,https://home.treasury.gov/policy-issues/financial-sanctions/recent-actions/20220405
#1ANpca7g93BwptUJg1zV116v49zn9gjDi3,btc,tormarket,hydra-market,market,https://home.treasury.gov/policy-issues/financial-sanctions/recent-actions/20220405
#1B11Ezqg3AXjFhMdRq5UpPDpNyriYNVtkn,btc,tormarket,hydra-market,market,https://home.treasury.gov/policy-issues/financial-sanctions/recent-actions/20220405
#1B3u21itzjgKtm7QsNQNCBpSkwzzeDHqrW,btc,tormarket,hydra-market,market,https://home.treasury.gov/policy-issues/financial-sanctions/recent-actions/20220405
#1BCWMwpR4M1nYUuuYe2bmzrNuwGoF9ZAbA,btc,tormarket,hydra-market,market,https://home.treasury.gov/policy-issues/financial-sanctions/recent-actions/20220405
#1BvJRBRp9ZZ6zLyuZaZsV7g3xP6JokdZQW,btc,tormarket,hydra-market,market,https://home.treasury.gov/policy-issues/financial-sanctions/recent-actions/20220405
#1CG1aSCxUnbmv9G34ofxTQoHtuVnMLJtQV,btc,tormarket,hydra-market,market,https://home.treasury.gov/policy-issues/financial-sanctions/recent-actions/20220405
#1CNbhgxGRZvsWnEHotfXge7k2E1UPzBDC7,btc,tormarket,hydra-market,market,https://home.treasury.gov/policy-issues/financial-sanctions/recent-actions/20220405
#1CddRqw7oSPrT4tt5oXKyx2LiHJDPszy7y,btc,tormarket,hydra-market,market,https://home.treasury.gov/policy-issues/financial-sanctions/recent-actions/20220405
#1D1ej7zQzywWBDNXKNYpmH7Hso2U9koDG4,btc,tormarket,hydra-market,market,https://home.treasury.gov/policy-issues/financial-sanctions/recent-actions/20220405
#1D3GuaS9eqKw8dWj9JFQtNufdRtysjSLxZ,btc,tormarket,hydra-market,market,https://home.treasury.gov/policy-issues/financial-sanctions/recent-actions/20220405
#1DKGRGJXGNLAtTeFb9SNPNHtrkZ87q7qKi,btc,tormarket,hydra-market,market,https://home.treasury.gov/policy-issues/financial-sanctions/recent-actions/20220405
#1Dpddb1TMjvmNQeYDqgyd1ww6cmwPJRdSk,btc,tormarket,hydra-market,market,https://home.treasury.gov/policy-issues/financial-sanctions/recent-actions/20220405
#1E9uUnLbyfToazo95vmM3ysYnzgkrL7GeC,btc,tormarket,hydra-market,market,https://home.treasury.gov/policy-issues/financial-sanctions/recent-actions/20220405
#1EtMuBPQnPCa3cecerdSH1SzydxnhbTmw,btc,tormarket,hydra-market,market,https://home.treasury.gov/policy-issues/financial-sanctions/recent-actions/20220405
#1EuUMPBCZtSd5pVVFEqmRqUSfU1qy6ASuL,btc,tormarket,hydra-market,market,https://home.treasury.gov/policy-issues/financial-sanctions/recent-actions/20220405
#1EvhBad5wCZYhBoAsGaciV6AvmZ1osLpeJ,btc,tormarket,hydra-market,market,https://home.treasury.gov/policy-issues/financial-sanctions/recent-actions/20220405
#1F7UL41qYm6TvnExZzPHBCyeENvX3XDEMS,btc,tormarket,hydra-market,market,https://home.treasury.gov/policy-issues/financial-sanctions/recent-actions/20220405
#1FFS6pX1TCKTNy668Mbk2Lyoem1qB48kYX,btc,tormarket,hydra-market,market,https://home.treasury.gov/policy-issues/financial-sanctions/recent-actions/20220405
#1G64TFMFVJTjhJXra6x74BBhsfSyiWaFtT,btc,tormarket,hydra-market,market,https://home.treasury.gov/policy-issues/financial-sanctions/recent-actions/20220405
#1GYuu9d5HPikafbys3k5Q3DRJq6debGsoB,btc,tormarket,hydra-market,market,https://home.treasury.gov/policy-issues/financial-sanctions/recent-actions/20220405
#1GcKLUUXodTQcLcPD7VLMgvCc4hs5Q775,btc,tormarket,hydra-market,market,https://home.treasury.gov/policy-issues/financial-sanctions/recent-actions/20220405
#1Ge8JodC2HiBiEuT7D3MoH6Fak6XrcT9Kf,btc,tormarket,hydra-market,market,https://home.treasury.gov/policy-issues/financial-sanctions/recent-actions/20220405
#1GkLN7DbA9mAtHNzQWNPANcdWbefaz4Gzm,btc,tormarket,hydra-market,market,https://home.treasury.gov/policy-issues/financial-sanctions/recent-actions/20220405
#1GnFTy5F9qi5MfaRZfgdg2jkyT5xtAHvd8,btc,tormarket,hydra-market,market,https://home.treasury.gov/policy-issues/financial-sanctions/recent-actions/20220405
#1H8sDTTgJPBKw83EBZDLhXvetCbxZUMMZM,btc,tormarket,hydra-market,market,https://home.treasury.gov/policy-issues/financial-sanctions/recent-actions/20220405
#1HH8eiuaTMucTNyvGCUmAvmCZCtdMi8SqK,btc,tormarket,hydra-market,market,https://home.treasury.gov/policy-issues/financial-sanctions/recent-actions/20220405
#1Hhe61Bwxs8Hd2WxzWY9FQyZicBiZGeSNW,btc,tormarket,hydra-market,market,https://home.treasury.gov/policy-issues/financial-sanctions/recent-actions/20220405
#1HuYfoEwsfHgZiRhbhJrCd5ST3iksa8KEx,btc,tormarket,hydra-market,market,https://home.treasury.gov/policy-issues/financial-sanctions/recent-actions/20220405
#1J9wJH2bamZVxscXAvoDH4jvtGKb7sYFDm,btc,tormarket,hydra-market,market,https://home.treasury.gov/policy-issues/financial-sanctions/recent-actions/20220405
#1K2fmE9hfhbRNSZoBvCBWZAvsS5idTUxBG,btc,tormarket,hydra-market,market,https://home.treasury.gov/policy-issues/financial-sanctions/recent-actions/20220405
#1Licqjca74n8pmNaoARXLLqcTUTHFpxbXH,btc,tormarket,hydra-market,market,https://home.treasury.gov/policy-issues/financial-sanctions/recent-actions/20220405
#1NbGwQwt4uEhg2srAKppLf8QaF6fbp3PZG,btc,tormarket,hydra-market,market,https://home.treasury.gov/policy-issues/financial-sanctions/recent-actions/20220405
#1NvJm3jfZxENNyqws5BKQvhkLxg9chLJdo,btc,tormarket,hydra-market,market,https://home.treasury.gov/policy-issues/financial-sanctions/recent-actions/20220405
#1PJp8diNa89cVHpiT1VPu7EQ8LxYM5HX6v,btc,tormarket,hydra-market,market,https://home.treasury.gov/policy-issues/financial-sanctions/recent-actions/20220405
#1PWRKxkR5AU7Tc9zPqjdhtu1eGW1QZzs4y,btc,tormarket,hydra-market,market,https://home.treasury.gov/policy-issues/financial-sanctions/recent-actions/20220405
#1PXxwPVtYxZiCRp9LKq7aKMDFrhAQztvUE,btc,tormarket,hydra-market,market,https://home.treasury.gov/policy-issues/financial-sanctions/recent-actions/20220405
#1PYtgFS2t6i57WdDvbRa7kPcsagGMBxzfg,btc,tormarket,hydra-market,market,https://home.treasury.gov/policy-issues/financial-sanctions/recent-actions/20220405
#1Pu1nAW7kCoSMThMs8QcpM8JxuByQDZgH,btc,tormarket,hydra-market,market,https://home.treasury.gov/policy-issues/financial-sanctions/recent-actions/20220405
#1Q4tJjH2aBr3AJrzxqa4Z3jPpf5SDgF4jK,btc,tormarket,hydra-market,market,https://home.treasury.gov/policy-issues/financial-sanctions/recent-actions/20220405
#1QHxyuLGRMHfbNPJikV4Dwhfx45HWfUMWB,btc,tormarket,hydra-market,market,https://home.treasury.gov/policy-issues/financial-sanctions/recent-actions/20220405
#1Sf6e4xQv8muMZqYPTdRFf3e5o5eWcg9F,btc,tormarket,hydra-market,market,https://home.treasury.gov/policy-issues/financial-sanctions/recent-actions/20220405
#33fWcMdmsB2Ey4CEbVWbjGFkuevBSyP9nG,btc,tormarket,hydra-market,market,https://home.treasury.gov/policy-issues/financial-sanctions/recent-actions/20220405
#34WWXwFKAsXL9zYxbeNPaPV6vDamkjQLUo,btc,tormarket,hydra-market,market,https://home.treasury.gov/policy-issues/financial-sanctions/recent-actions/20220405
#35aTjkBh4yeTypJsi9nuTdoMKHTsawKVgX,btc,tormarket,hydra-market,market,https://home.treasury.gov/policy-issues/financial-sanctions/recent-actions/20220405
#361AkMKNNWYwZRsCE8pPNmoh5aQf4V7g4p,btc,tormarket,hydra-market,market,https://home.treasury.gov/policy-issues/financial-sanctions/recent-actions/20220405
#3BQACtiMXYB9JpUMpkEWt9m8BzswpGHq4X,btc,tormarket,hydra-market,market,https://home.treasury.gov/policy-issues/financial-sanctions/recent-actions/20220405
#3BWP6ZQAhc4j5wR1b95zJAthJEFvhdees7,btc,tormarket,hydra-market,market,https://home.treasury.gov/policy-issues/financial-sanctions/recent-actions/20220405
#3DLGfN7hgsWXXSp9euXcnmWXLpFQuswW2t,btc,tormarket,hydra-market,market,https://home.treasury.gov/policy-issues/financial-sanctions/recent-actions/20220405
#3ES6pqCueDPCnC4hCqhhYuey6gyiRJZw6E,btc,tormarket,hydra-market,market,https://home.treasury.gov/policy-issues/financial-sanctions/recent-actions/20220405
#3GXdtA6kbb4M5aqzZm5qqxcFDFRMW8LqdJ,btc,tormarket,hydra-market,market,https://home.treasury.gov/policy-issues/financial-sanctions/recent-actions/20220405
#3JuSgFrwnrNfuhvR4GpWAPmeJVot4xrEae,btc,tormarket,hydra-market,market,https://home.treasury.gov/policy-issues/financial-sanctions/recent-actions/20220405
#3Kp8Qc5z7yevDeoQxhS5RSSKnEi5x7AQ43,btc,tormarket,hydra-market,market,https://home.treasury.gov/policy-issues/financial-sanctions/recent-actions/20220405
#3MP7yBGSW2gkXVRE8S84T2j4KVgPh3rEzv,btc,tormarket,hydra-market,market,https://home.treasury.gov/policy-issues/financial-sanctions/recent-actions/20220405
#3P6PzdfETr4275Gn3veLkCyDxA1jV8fHKm,btc,tormarket,hydra-market,market,https://home.treasury.gov/policy-issues/financial-sanctions/recent-actions/20220405
#bc1quyc6j8ca84q9gjej5jjd2n8hra0vfu0j60fefs57p6e5rerkq07q0l5u3w,btc,tormarket,hydra-market,market,https://home.treasury.gov/policy-issues/financial-sanctions/recent-actions/20220405
#16PhXY3hNNMTo8kpuJx2emh713KbWpkqci,btc,state-sponsored,apt29,us-gov-sanctioned,https://www.bleepingcomputer.com/news/security/us-sanctions-cryptocurrency-addresses-linked-to-russian-cyberactivities
#18Ke1QWE9nQfXuhJijHggZuPJ5ZYxapoBK,btc,state-sponsored,apt29,us-gov-sanctioned,https://www.bleepingcomputer.com/news/security/us-sanctions-cryptocurrency-addresses-linked-to-russian-cyberactivities
#1BiUFjzH6wsT73U3tfy4aXHCQsYQHzjk5h,btc,state-sponsored,apt29,us-gov-sanctioned,https://www.bleepingcomputer.com/news/security/us-sanctions-cryptocurrency-addresses-linked-to-russian-cyberactivities
#1GqChmWqGtsaLrGbHfgdrV5Nkvahtjjuxr,btc,state-sponsored,apt29,us-gov-sanctioned,https://www.bleepingcomputer.com/news/security/us-sanctions-cryptocurrency-addresses-linked-to-russian-cyberactivities
#1KSAbh5trMCTZwhiNsuUQvfTtSSTT8zqRk,btc,state-sponsored,apt29,us-gov-sanctioned,https://www.bleepingcomputer.com/news/security/us-sanctions-cryptocurrency-addresses-linked-to-russian-cyberactivities
#1NayLEVF3bEEbDtdF2Cwso1VdEtvVNh2qX,btc,state-sponsored,apt29,us-gov-sanctioned,https://www.bleepingcomputer.com/news/security/us-sanctions-cryptocurrency-addresses-linked-to-russian-cyberactivities
#1QJUiNsNfji6mR1FjAwf6Eg9NxxHPoxpWL,btc,state-sponsored,apt29,us-gov-sanctioned,https://www.bleepingcomputer.com/news/security/us-sanctions-cryptocurrency-addresses-linked-to-russian-cyberactivities
#3Gbs4rjcVUtQd8p3CiFUCxPLZwRqurezRZ,btc,state-sponsored,apt29,us-gov-sanctioned,https://www.bleepingcomputer.com/news/security/us-sanctions-cryptocurrency-addresses-linked-to-russian-cyberactivities
17ezuJoT3XBbdcwFZbkTnrXbup11F4uhiy,btc,drugtrafficking,fujing-zheng,ofac,https://home.treasury.gov/policy-issues/financial-sanctions/recent-actions/20190821
1DH2xDH7TngrDU6LXciprKCBKNcPA1xX8A,btc,drugtrafficking,fujing-zheng,ofac,https://home.treasury.gov/policy-issues/financial-sanctions/recent-actions/20190821
18uKfaUjgG52rVeXEi3wxnveww7zZuECtE,btc,drugtrafficking,guanghua-zheng,ofac,https://home.treasury.gov/policy-issues/financial-sanctions/recent-actions/20190821
33Kja69SQVc8kozpoP7Qw6HFtGxHkiWzTz,btc,drugtrafficking,guanghua-zheng,ofac,https://home.treasury.gov/policy-issues/financial-sanctions/recent-actions/20190821
3MkUNScqf21EcfWq6T4x2MFgBeSTqhB5t6,btc,drugtrafficking,guanghua-zheng,ofac,https://home.treasury.gov/policy-issues/financial-sanctions/recent-actions/20190821
15gvRgxdwMF5y3Kcc2X7WLpUMGW9wgyRB4,btc,scam,teslamusk.tech,mcafee-crypto.tech,https://cryptoscamdb.org/
15xd99WKi98JK9bUPp4AZEc2gZ5y7bBMCQ,btc,scam,elon-musk-scam,elon-official-giveaway.com_elon-official-promo.com_elon-party.com_elon-presents.com_elon-promotion.com_elon-surprise.com_musk-presents.com_musk-promotion.com_musk-surprise.com_musk-official-promo.com,https://cryptoscamdb.org/
16EegrNMdZ9Rxku6Za5neEFjMW57wkQr1S,btc,scam,cryptoback_phishing,cryptocashback.org_cryptocashback.info_cryptoback.one,https://cryptoscamdb.org/
15beJSBDXuCkWUHsAt6C7tpeEyBBj687TZ,btc,exchange,gatecoin.com,,https://explorer.crystalblockchain.com/address/15beJSBDXuCkWUHsAt6C7tpeEyBBj687TZ
18ydpKVaT2gzKRAMkHdPeZ3oLLpNb1jchD,btc,scam,return-btc.com,medium.return-btc.com,https://cryptoscamdb.org/
19S7k3zHphKiYr85T25FnqdxizHcgmjoj1,btc,ransomware,blackruby,ransomnote,https://www.bleepingcomputer.com/news/security/black-ruby-ransomware-skips-victims-in-iran-and-adds-a-miner-for-good-measure/
19WZkLuC6meqfHPEfbedpTAP1WXEHeyG61,btc,scam,gram_phishing,gram-network.net_gram-network.org_gram.one_gram-ton.com,https://cryptoscamdb.org/
1BiyLYjfDNQSP81uvr5gzNW77P2viGWi8m,btc,scam,dropfestextravaganza.tech,binancepromo-now.online,https://cryptoscamdb.org/
1CDH7oUUxMyo6T5QHovu82ygUEXpQ5rgWV,btc,scam,binancegift.org,binance-team.com,https://cryptoscamdb.org/
1CdWQJMiQF1uYbwKc7fb5VBb9JBrhykcNf,btc,scam,dropbinance.com,giftbinance.com,https://cryptoscamdb.org/
1Dtykbcz4dsKzHrddrkxw8FrKKiVu2tTgX,btc,scam,btc-eth-givaway,binance-giveaways.com_crypto-giveaways.com_ethereums-giveaway.com_gainbtc.org_get-btcs-now.com_get-eths-now.com_giftbtc.org_grab-btc.com,https://cryptoscamdb.org/
1EMG2n35pxcC7ycvwErvCFkzvaNXBz85hG,btc,scam,promo-giveaway,giveaway-official.org_limited-promo.org_limited-promotion.com_limited-promotion.org_official-giveaway.org_promo-official.com_promo-official.org_promotion-official.com_promotion-official.org_binance-presents.fund,https://cryptoscamdb.org/
1EWdps7P7o2u616u9a36CK6Jjnbr1A2HUJ,btc,scam,coinbase.getforge.io,pompliano-promo.netlify.com,https://cryptoscamdb.org/
1FnaucN6FtADHUD5Z1mW55j9okubkjsTAW,btc,scam,elon-official-scam,elon-official-giveaway.com_elon-official-promo.com_elon-party.com_elon-presents.com_elon-promotion.com_elon-surprise.com_giveaway-official.org_musk-gives.com_musk-presents.com_musk-promotion.com_musk-surprise.com,https://cryptoscamdb.org/
1Hj2r8SnVim48qG3E4QwZ6td8PMcUiXnGU,btc,scam,crypto-extravaganza.tech,fly-promo.online,https://cryptoscamdb.org/
1JCMYAkmxibo8EKJWyqtHadCy3NfPJvJwW,btc,scam,secglobal-scam,coinpromo.icu_coinpromo.fund_reddit-securepage-hdsjhg3jh5gjasged32h4i2349803434553.secglobal.icu_reddit-securepage-hdsjhg3jh5gjasged32h4i23496jhgh677u.secglobal.icu_secglobal.icu_secure.globalsec.icu,https://cryptoscamdb.org/
1JyRhM9ndcqacWkJRRnn2mbmQZ3XxcN7wy,btc,scam,cointo.us,chance.services,https://cryptoscamdb.org/
1LLiTbEQE1jUayUKyeyokYCYBEi5rZ1Ghx,btc,scam,airdrop.best-event.site,medium.exchange-promo.fun,https://cryptoscamdb.org/
1MpLjpT44A5yyRbtGG61rtpgwxdJB3onsB,btc,scam,coinbase-scam,coinbase-airdrop.top_coinbase-btc.xyz_dexbetalaunch.com,https://cryptoscamdb.org/
1N2uxuMXP7RmZov8XuB13sUiKcSSAABmVf,btc,scam,tesla3.org,airdrop-sale.online,https://cryptoscamdb.org/
1PZS9LzUFcbCREZw3AzY4U8c9AwjcccMJo,btc,scam,giveaway-tesla.club,giveawaytesla.me,https://cryptoscamdb.org/
1Q7gS7fi7R26kYRBXEcNeK7f2foi3BfkkE,btc,scam,bitcoin-gain.org,medium.bitcoin-gain.org,https://cryptoscamdb.org/
3ASwRxA2Dg5A8dhiDVZc4VV1E8Zt78qP6A,btc,payment-processor,coinpayments,exchange,https://www.walletexplorer.com/address/3ASwRxA2Dg5A8dhiDVZc4VV1E8Zt78qP6A
1CfrdGWi4XPXFkEHRerQ7tmwFuKPWMzyzW,btc,exchange,binance,,https://explorer.crystalblockchain.com/address/1CfrdGWi4XPXFkEHRerQ7tmwFuKPWMzyzW
19aaLsPkiJuFZck7U4mryKFiUg633UJDhm,btc,exchange,binance,,https://explorer.crystalblockchain.com/address/19aaLsPkiJuFZck7U4mryKFiUg633UJDhm
1MXTmn5nBQ6GLr52AqpM7kdhk5mByvdp8P,btc,exchange,binance,,https://explorer.crystalblockchain.com/address/1MXTmn5nBQ6GLr52AqpM7kdhk5mByvdp8P
1MFVUvYvdkzzzQ65JF5Rv5p1hTUnss3RMe,btc,exchange,binance,,https://explorer.crystalblockchain.com/address/1MFVUvYvdkzzzQ65JF5Rv5p1hTUnss3RMe
145tSHbcj1s3CJVMFrGLQZmPyjYQVKWcch,btc,exchange,binance,,https://explorer.crystalblockchain.com/address/145tSHbcj1s3CJVMFrGLQZmPyjYQVKWcch
161gTqw3CHVqiBfmC3vCLrXPob6wLQSKP4,btc,gambling,luckybit,chatbot,https://www.walletexplorer.com/address/161gTqw3CHVqiBfmC3vCLrXPob6wLQSKP4
1NxaBCFQwejSZbQfWcYNwgqML5wWoE3rK4,btc,gambling,luckybit,gambling,https://www.walletexplorer.com/address/1NxaBCFQwejSZbQfWcYNwgqML5wWoE3rK4
1znk3BFpFQembmPfNgUvv6wTghKbYyLHt,btc,tormarket,silkroadmarket,market,https://www.walletexplorer.com/address/1znk3BFpFQembmPfNgUvv6wTghKbYyLHt
1AvJbFTUMipcdp6DY4uJQTdpwzWdmSyRB8,btc,mining,btcc-pool,miner,https://www.walletexplorer.com/address/1AvJbFTUMipcdp6DY4uJQTdpwzWdmSyRB8
1BzSWghdNus1FMF55HSAMdo1u3s76Uc2aw,btc,scam,fetch-ai.net,fetchai.eu_celerc.network,https://cryptoscamdb.org/
1JSeDGPmq74JP2RQXqJFdHH3L2jcie3w4X,btc,scam,binafeb,newyearcrypto.blogspot.com_binancejan.blogspot.com_janbinance.blogspot.com_binafeb.blogspot.com,https://cryptoscamdb.org/
1L5zxpkAuh5sVx8aoMvLFegf59jk2NSyty,btc,scam,medium.wiki,cryptoxfan.website,https://cryptoscamdb.org/
1NjKNU7FKiZ4VH8GJwHogxp81KVcw7a8Kn,btc,scam,dexlaunch-testnet.space,bounty-platform.website,https://cryptoscamdb.org/
1PCh7w6LdcEv1sWd5wtvkELHcWe5HumUi3,btc,scam,cryptocashback.org,cryptocashback.info_cryptoback.one,https://cryptoscamdb.org/
39VZ9Ktio8q6GANhwhaMf7pcQ3AgZJoUGp,btc,scam,binance.bitlvy.com,bitlvy.com_binance.bitlvy.com,https://cryptoscamdb.org/
bc1qnurh904jcnxm0amfg2cy3406k4ed2vd2x67s8p,btc,ransomware,chaos,ransomnote,https://medium.com/s2wlab/anatomy-of-chaos-ransomware-builder-and-its-origin-feat-open-source-hidden-tear-ransomware-ffd5937d005f?source=rss-------8-----------------cybersecurity
bc1qlnzcep4l4ac0ttdrq7awxev9ehu465f2vpt9x0,btc,ransomware,chaos,ransomnote,https://medium.com/s2wlab/anatomy-of-chaos-ransomware-builder-and-its-origin-feat-open-source-hidden-tear-ransomware-ffd5937d005f?source=rss-------8-----------------cybersecurity
3HzQJ3CGQKkWuxGSiWW286PePSed7tgKWp,btc,scam,binance.exchange2018.support,xn--binnce-rhc.com,https://cryptoscamdb.org/
13BWo7vKx9vEnhJfEffA5XNqu2XDJM654c,btc,tormarket,sheepmarket,market,https://www.walletexplorer.com/address/13BWo7vKx9vEnhJfEffA5XNqu2XDJM654c
18asyPgcKVqDUEpvcFtGUu6bYq7sGpRM95,btc,tormarket,blueskymarket,market,https://www.walletexplorer.com/address/18asyPgcKVqDUEpvcFtGUu6bYq7sGpRM95
1A1ZkfWXjv9ubTMmNWnMEye9sdx1XL6URa,btc,tormarket,middleearthmarket,market,https://www.walletexplorer.com/address/1A1ZkfWXjv9ubTMmNWnMEye9sdx1XL6URa
1Pv1djEWrEvfgHkr8A27nkpLigmFYttCM3,btc,mining,telco-214,miner,https://www.walletexplorer.com/address/1Pv1djEWrEvfgHkr8A27nkpLigmFYttCM3
